<?xml version="1.0" encoding="utf-8"?>
<edmx:Edmx Version="3.0" xmlns:edmx="http://schemas.microsoft.com/ado/2009/11/edmx">
 <!-- EF Designer content (DO NOT EDIT MANUALLY BELOW HERE) -->
  <edmx:Designer xmlns="http://schemas.microsoft.com/ado/2009/11/edmx">
    <!-- Diagram content (shape and connector positions) -->
    <edmx:Diagrams>
      <Diagram DiagramId="3709fbbb328141758a4c58c1f2c3d814" Name="Diagram1">
        <EntityTypeShape EntityType="QuanLyDoAnModel.ChuyenNganh" Width="1.5" PointX="0.75" PointY="2.25" />
        <EntityTypeShape EntityType="QuanLyDoAnModel.DoAnMonHoc" Width="1.5" PointX="5.25" PointY="4.5" />
        <EntityTypeShape EntityType="QuanLyDoAnModel.DoAnTotNghiep" Width="1.5" PointX="8.25" PointY="4.5" />
        <EntityTypeShape EntityType="QuanLyDoAnModel.GiangVien" Width="1.5" PointX="6" PointY="0.75" />
        <EntityTypeShape EntityType="QuanLyDoAnModel.MonHoc" Width="1.5" PointX="3" PointY="1" />
        <EntityTypeShape EntityType="QuanLyDoAnModel.SinhVien" Width="1.5" PointX="3" PointY="4.375" />
        <EntityTypeShape EntityType="QuanLyDoAnModel.sysdiagram" Width="1.5" PointX="0.75" PointY="9.25" />
        <EntityTypeShape EntityType="QuanLyDoAnModel.TieuLuanChuyenNganh" Width="1.5" PointX="0.75" PointY="4.625" />
        <AssociationConnector Association="QuanLyDoAnModel.FK_SinhVien_ChuyenNganh" />
        <AssociationConnector Association="QuanLyDoAnModel.FK_DoAnMonHoc_MonHoc" />
        <AssociationConnector Association="QuanLyDoAnModel.FK_DoAnMonHoc_SinhVien" />
        <AssociationConnector Association="QuanLyDoAnModel.FK_DoAnTotNghiep_GiangVien" />
        <AssociationConnector Association="QuanLyDoAnModel.FK_DoAnTotNghiep_SinhVien" />
        <AssociationConnector Association="QuanLyDoAnModel.FK_SinhVien_TieuLuanChuyenNganh" />
      </Diagram>
    </edmx:Diagrams>
  </edmx:Designer>
</edmx:Edmx>